office_id,lon,lat,demand_pop,safety_index,blindspot_priority
서울_서울관악_남현,126.9592165,37.462757,6088.0,28.1,0.719
서울_서울관악_남현,126.957923,37.464284,6088.0,28.1,0.719
서울_서울관악_남현,126.957939,37.4639045,6088.0,28.1,0.719
서울_서울관악_남현,126.9579445,37.463994,6088.0,28.1,0.719
서울_서울관악_남현,126.9579425,37.4640835,6088.0,28.1,0.719
서울_서울관악_남현,126.9579325,37.4641725,6088.0,28.1,0.719
서울_서울관악_남현,126.9578485,37.463464,6088.0,28.1,0.719
서울_서울관악_남현,126.957923,37.4643505,6088.0,28.1,0.719
서울_서울관악_남현,126.957923,37.46444,6088.0,28.1,0.719
서울_서울관악_남현,126.957923,37.4645295,6088.0,28.1,0.719
서울_서울관악_남현,126.957923,37.4646185,6088.0,28.1,0.719
서울_서울관악_남현,126.957978,37.4646595,6088.0,28.1,0.719
서울_서울관악_남현,126.9579155,37.464707,6088.0,28.1,0.719
서울_서울관악_남현,126.959247,37.4625795,6088.0,28.1,0.719
서울_서울관악_남현,126.9592305,37.4626685,6088.0,28.1,0.719
서울_서울관악_남현,126.9579105,37.4647325,6088.0,28.1,0.719
서울_서울관악_남현,126.9579205,37.4646435,6088.0,28.1,0.719
서울_서울관악_남현,126.957923,37.464554,6088.0,28.1,0.719
서울_서울관악_남현,126.957923,37.464464,6088.0,28.1,0.719
서울_서울관악_남현,126.957927,37.463816,6088.0,28.1,0.719
서울_서울관악_남현,126.95791,37.463728,6088.0,28.1,0.719
서울_서울관악_남현,126.9578905,37.46364,6088.0,28.1,0.719
서울_서울관악_남현,126.960276,37.464614,6088.0,28.2,0.718
서울_서울관악_남현,126.959243,37.4628385,6088.0,28.1,0.719
서울_서울관악_남현,126.9598585,37.464312,6088.0,28.2,0.718
서울_서울관악_남현,126.9598185,37.464177500000005,6088.0,28.2,0.718
서울_서울관악_남현,126.9598795,37.464102,6088.0,28.2,0.718
서울_서울관악_남현,126.9599405,37.464026,6088.0,28.2,0.718
서울_서울관악_남현,126.959972,37.463955,6088.0,28.2,0.718
서울_서울관악_남현,126.9598025,37.4642485,6088.0,28.2,0.718
서울_서울관악_남현,126.9601925,37.4645535,6088.0,28.2,0.718
서울_서울관악_남현,126.9578695,37.463552,6088.0,28.1,0.719
서울_서울관악_남현,126.960109,37.464493,6088.0,28.2,0.718
서울_서울관악_남현,126.9600255,37.464433,6088.0,28.2,0.718
서울_서울관악_남현,126.959942,37.4643725,6088.0,28.2,0.718
서울_서울관악_남현,126.9579005,37.464795,6088.0,28.1,0.719
서울_서울관악_남현,126.9578855,37.4648835,6088.0,28.1,0.719
서울_서울관악_남현,126.9585125,37.4646975,6088.0,28.1,0.719
서울_서울관악_남현,126.9579245,37.4642615,6088.0,28.1,0.719
서울_서울관악_남현,126.957923,37.464374,6088.0,28.1,0.719
서울_서울관악_남현,126.9578955,37.4648215,6088.0,28.1,0.719
서울_서울관악_남현,126.9579295,37.464194,6088.0,28.1,0.719
서울_서울관악_남현,126.9588115,37.4648115,6088.0,28.1,0.719
서울_서울관악_남현,126.958613,37.464734500000006,6088.0,28.1,0.719
서울_서울관악_남현,126.9578525,37.4634815,6088.0,28.1,0.719
서울_서울관악_남현,126.958412,37.4646605,6088.0,28.1,0.719
서울_서울관악_남현,126.95922,37.465097,6088.0,28.1,0.719
서울_서울관악_남현,126.957941,37.464104500000005,6088.0,28.1,0.719
서울_서울관악_남현,126.959851,37.4635815,6088.0,28.1,0.719
서울_서울관악_남현,126.958198,37.464645,6088.0,28.1,0.719
서울_서울관악_남현,126.958088,37.4646525,6088.0,28.1,0.719
서울_서울관악_남현,126.959814,37.463507500000006,6088.0,28.1,0.719
서울_서울관악_남현,126.9597505,37.463433,6088.0,28.1,0.719
서울_서울관악_남현,126.959687,37.463359,6088.0,28.1,0.719
서울_서울관악_남현,126.9596235,37.4632845,6088.0,28.1,0.719
서울_서울관악_남현,126.9595605,37.46321,6088.0,28.1,0.719
서울_서울관악_남현,126.959497,37.463136,6088.0,28.1,0.719
서울_서울관악_남현,126.9594335,37.4630615,6088.0,28.1,0.719
서울_서울관악_남현,126.95937,37.462987,6088.0,28.1,0.719
서울_서울관악_남현,126.9593065,37.462913,6088.0,28.1,0.719
서울_서울관악_남현,126.958713,37.4647715,6088.0,28.1,0.719
서울_서울관악_남현,126.9583075,37.4646415,6088.0,28.1,0.719
서울_서울관악_남현,126.9589075,37.4648555,6088.0,28.1,0.719
서울_서울관악_남현,126.9593425,37.4651255,6088.0,28.1,0.719
서울_서울관악_남현,126.9579445,37.464015,6088.0,28.1,0.719
서울_서울관악_남현,126.9579405,37.463925,6088.0,28.1,0.719
서울_서울관악_남현,126.959003,37.4649005,6088.0,28.1,0.719
서울_서울관악_남현,126.957914,37.4637465,6088.0,28.1,0.719
서울_서울관악_남현,126.957895,37.463658,6088.0,28.1,0.719
서울_서울관악_남현,126.9578735,37.46357,6088.0,28.1,0.719
서울_서울관악_남현,126.9598225,37.4636545,6088.0,28.1,0.719
서울_서울관악_남현,126.95793,37.4638355,6088.0,28.1,0.719
서울_서울관악_남현,126.9592595,37.465067000000005,6088.0,28.1,0.719
서울_서울관악_남현,126.9591765,37.465009,6088.0,28.1,0.719
서울_서울관악_남현,126.959093,37.4649515,6088.0,28.1,0.719
서울_서울관악_남현,126.9598345,37.4638445,6088.0,28.1,0.719
서울_서울관악_남현,126.9597555,37.4637915,6088.0,28.1,0.719
서울_서울관악_남현,126.959756,37.4637275,6088.0,28.1,0.719
서울_서울관악_남현,126.959927,37.463896,6088.0,28.1,0.719
대전_대전유성_유성,127.3597415,36.3660565,5435.0,39.6,0.539
대전_대전유성_유성,127.358782,36.3664515,5435.0,39.5,0.54
대전_대전유성_유성,127.359329,36.366462,5435.0,39.5,0.54
대전_대전유성_유성,127.3592205,36.366478,5435.0,39.5,0.54
대전_대전유성_유성,127.35911,36.366482000000005,5435.0,39.5,0.54
대전_대전유성_유성,127.3589995,36.3664795,5435.0,39.5,0.54
대전_대전유성_유성,127.3598025,36.3659815,5435.0,39.6,0.539
대전_대전유성_유성,127.360042,36.3656795,5435.0,39.6,0.539
대전_대전유성_유성,127.359981,36.365754,5435.0,39.6,0.539
대전_대전유성_유성,127.3599215,36.36583,5435.0,39.6,0.539
대전_대전유성_유성,127.3596815,36.36613199999999,5435.0,39.6,0.539
대전_대전유성_유성,127.3598625,36.365906,5435.0,39.6,0.539
대전_대전유성_유성,127.359496,36.3663555,5435.0,39.5,0.54
대전_대전유성_유성,127.359423,36.3664205,5435.0,39.5,0.54
대전_대전둔산_갈마,127.3596155,36.3662155,5435.0,28.6,0.637
대전_대전유성_유성,127.359622,36.366208,5435.0,39.5,0.54
대전_대전둔산_갈마,127.3599765,36.36576,5435.0,28.6,0.637
대전_대전둔산_갈마,127.3596755,36.3661395,5435.0,28.6,0.637
대전_대전둔산_갈마,127.360252,36.365669,5435.0,28.6,0.637
대전_대전둔산_갈마,127.3598575,36.365913000000006,5435.0,28.6,0.637
대전_대전둔산_갈마,127.3597355,36.3660635,5435.0,28.6,0.637
대전_대전둔산_갈마,127.3601915,36.3657405,5435.0,28.6,0.637
대전_대전유성_유성,127.35956,36.3662825,5435.0,39.5,0.54
대전_대전둔산_갈마,127.3600375,36.365685,5435.0,28.6,0.637
대전_대전둔산_갈마,127.359917,36.3658365,5435.0,28.6,0.637
대전_대전유성_유성,127.358889,36.3664705,5435.0,39.5,0.54
대전_대전유성_유성,127.3586815,36.366416,5435.0,39.5,0.54
대전_대전둔산_갈마,127.359797,36.3659885,5435.0,28.6,0.637
인천_인천연수_송도국제도시,126.6676945,37.383498,4593.0,45.5,0.411
인천_인천연수_송도국제도시,126.6680955,37.38392,4593.0,45.5,0.411
인천_인천연수_송도국제도시,126.6684315,37.384273,4593.0,45.5,0.411
인천_인천연수_송도국제도시,126.6680285,37.3838495,4593.0,45.5,0.411
인천_인천연수_송도국제도시,126.6678275,37.383638000000005,4593.0,45.5,0.411
인천_인천연수_송도국제도시,126.667761,37.383568,4593.0,45.5,0.411
인천_인천연수_송도국제도시2,126.6667075,37.3844605,4593.0,44.2,0.421
인천_인천연수_송도국제도시2,126.6666385,37.3843895,4593.0,44.2,0.421
인천_인천연수_송도국제도시2,126.6665705,37.384318,4593.0,44.2,0.421
인천_인천연수_송도국제도시2,126.6665045,37.384245,4593.0,44.2,0.421
인천_인천연수_송도국제도시2,126.666845,37.3846035,4593.0,44.2,0.421
인천_인천연수_송도국제도시,126.6676275,37.3834275,4593.0,45.5,0.411
인천_인천연수_송도국제도시2,126.6667765,37.384532,4593.0,44.2,0.421
인천_인천연수_송도국제도시,126.667894,37.383708,4593.0,45.5,0.411
인천_인천연수_송도국제도시,126.667161,37.3829365,4593.0,45.6,0.41
인천_인천연수_송도국제도시,126.667028,37.382796,4593.0,45.6,0.41
인천_인천연수_송도국제도시,126.6682295,37.384061,4593.0,45.5,0.411
인천_인천연수_송도국제도시,126.6670945,37.382866,4593.0,45.6,0.41
인천_인천연수_송도국제도시,126.6669615,37.382726000000005,4593.0,45.6,0.41
인천_인천연수_송도국제도시,126.6672945,37.383077,4593.0,45.6,0.41
인천_인천연수_송도국제도시,126.6672275,37.383007000000006,4593.0,45.6,0.41
인천_인천연수_송도국제도시2,126.6669125,37.384675,4593.0,44.2,0.421
인천_인천연수_송도국제도시,126.6681625,37.3839905,4593.0,45.5,0.411
인천_인천연수_송도국제도시,126.6682965,37.3841315,4593.0,45.5,0.411
인천_인천연수_송도국제도시,126.667561,37.383357,4593.0,45.5,0.411
인천_인천연수_송도국제도시,126.6674945,37.383287,4593.0,45.5,0.411
인천_인천연수_송도국제도시,126.6674275,37.383217,4593.0,45.5,0.411
인천_인천연수_송도국제도시,126.667361,37.383147,4593.0,45.5,0.411
인천_인천연수_송도국제도시,126.667961,37.383778500000005,4593.0,45.5,0.411
인천_인천연수_송도국제도시,126.668364,37.3842025,4593.0,45.5,0.411
대구_대구북부_산격,128.611617,35.8908955,4303.0,28.8,0.503
대구_대구동부_큰고개,128.61258750000002,35.8912455,4303.0,28.6,0.505
대구_대구동부_큰고개,128.6124875,35.8912185,4303.0,28.6,0.505
대구_대구동부_큰고개,128.6123885,35.8911895,4303.0,28.6,0.505
대구_대구동부_큰고개,128.6117055,35.890938500000004,4303.0,28.7,0.504
충남_아산_도고선장,126.9292255,36.7693115,3734.0,26.3,0.452
충남_아산_신창,126.9310275,36.770058000000006,3734.0,43.8,0.345
충남_아산_신창,126.930919,36.770053,3734.0,43.8,0.345
충남_아산_신창,126.930812,36.7700725,3734.0,43.8,0.345
충남_아산_신창,126.930707,36.7700945,3734.0,43.8,0.345
충남_아산_신창,126.9314995,36.7702895,3734.0,43.8,0.345
충남_아산_신창,126.9314085,36.770237,3734.0,43.8,0.345
충남_아산_신창,126.9313175,36.7701845,3734.0,43.8,0.345
충남_아산_신창,126.9312265,36.770132,3734.0,43.8,0.345
충남_아산_신창,126.9311315,36.770087,3734.0,43.8,0.345
충남_아산_도고선장,126.929133,36.7692605,3734.0,26.3,0.452
충남_아산_신창,126.9315905,36.770342,3734.0,43.8,0.345
충남_아산_도고선장,126.9288555,36.769108,3734.0,26.3,0.452
충남_아산_도고선장,126.9295945,36.7695155,3734.0,26.3,0.452
충남_아산_도고선장,126.929502,36.7694645,3734.0,26.3,0.452
충남_아산_도고선장,126.92941,36.7694135,3734.0,26.3,0.452
충남_아산_도고선장,126.929318,36.7693625,3734.0,26.3,0.452
충남_아산_도고선장,126.9287625,36.769058,3734.0,26.3,0.452
충남_아산_도고선장,126.9289485,36.7691585,3734.0,26.3,0.452
충남_아산_도고선장,126.929041,36.7692095,3734.0,26.3,0.452
대전_대전유성_신성,127.345187,36.3647195,3574.0,27.9,0.423
대전_대전유성_신성,127.345201,36.364808,3574.0,27.9,0.423
대전_대전유성_신성,127.345173,36.364631,3574.0,27.9,0.423
대전_대전유성_신성,127.345159,36.364543,3574.0,27.9,0.423
대전_대전유성_신성,127.3470315,36.3654245,3574.0,27.7,0.424
대전_대전유성_신성,127.345145,36.3644545,3574.0,27.9,0.423
대전_대전유성_신성,127.347136,36.365437,3574.0,27.7,0.424
대전_대전유성_신성,127.3469345,36.364737,3574.0,27.7,0.424
대전_대전유성_신성,127.346924,36.3650385,3574.0,27.7,0.424
대전_대전유성_신성,127.345373,36.364896,3574.0,27.7,0.424
대전_대전유성_신성,127.345477,36.3648855,3574.0,27.7,0.424
대전_대전유성_신성,127.345581,36.3648745,3574.0,27.7,0.424
대전_대전유성_신성,127.345685,36.364864,3574.0,27.7,0.424
대전_대전유성_신성,127.345789,36.3648535,3574.0,27.7,0.424
대전_대전유성_신성,127.345131,36.364366,3574.0,27.9,0.423
대전_대전유성_신성,127.345997,36.364832,3574.0,27.7,0.424
대전_대전유성_신성,127.346101,36.3648215,3574.0,27.7,0.424
대전_대전유성_신성,127.3474005,36.36551,3574.0,27.7,0.424
대전_대전유성_신성,127.347338,36.365466,3574.0,27.7,0.424
대전_대전유성_신성,127.34724,36.365449,3574.0,27.7,0.424
대전_대전유성_신성,127.3469665,36.3654585,3574.0,27.7,0.424
대전_대전유성_신성,127.346517,36.3647795,3574.0,27.7,0.424
대전_대전유성_신성,127.346973,36.365376,3574.0,27.7,0.424
대전_대전유성_신성,127.3469115,36.364954,3574.0,27.7,0.424
대전_대전유성_신성,127.346936,36.365123,3574.0,27.7,0.424
대전_대전유성_신성,127.3469485,36.365207,3574.0,27.7,0.424
대전_대전유성_신성,127.345219,36.363867,3574.0,27.8,0.424
대전_대전유성_신성,127.346309,36.3648005,3574.0,27.7,0.424
대전_대전유성_신성,127.345327,36.363857,3574.0,27.8,0.424
대전_대전유성_신성,127.345435,36.363846,3574.0,27.8,0.424
대전_대전유성_신성,127.345543,36.363834,3574.0,27.8,0.424
대전_대전유성_신성,127.346205,36.364811,3574.0,27.7,0.424
대전_대전유성_신성,127.346961,36.3652915,3574.0,27.7,0.424
대전_대전유성_신성,127.3456515,36.363822,3574.0,27.8,0.424
대전_대전유성_신성,127.3478945,36.365243,3574.0,27.6,0.425
대전_대전유성_신성,127.346887,36.364785,3574.0,27.7,0.424
대전_대전유성_신성,127.345893,36.3648425,3574.0,27.7,0.424
대전_대전유성_신성,127.3469455,36.36554,3574.0,27.7,0.424
대전_대전유성_신성,127.345103,36.364189,3574.0,27.9,0.423
대전_대전유성_신성,127.346899,36.3648695,3574.0,27.7,0.424
대전_대전유성_신성,127.3469345,36.3656225,3574.0,27.7,0.424
대전_대전유성_신성,127.346725,36.3647585,3574.0,27.7,0.424
대전_대전유성_신성,127.346621,36.364769,3574.0,27.7,0.424
대전_대전유성_신성,127.346829,36.364748,3574.0,27.7,0.424
대전_대전유성_신성,127.345089,36.364101000000005,3574.0,27.9,0.423
대전_대전유성_신성,127.345117,36.3642775,3574.0,27.9,0.423
대전_대전유성_신성,127.345269,36.3649065,3574.0,27.7,0.424
대전_대전유성_신성,127.346413,36.36479,3574.0,27.7,0.424
충북_청주흥덕_복대,127.454166,36.631187,3550.0,27.9,0.42
충북_청주흥덕_복대,127.4537355,36.631364,3550.0,27.9,0.42
충북_청주흥덕_복대,127.4540005,36.6312895,3550.0,27.9,0.42
충북_청주흥덕_복대,127.4546705,36.630893,3550.0,27.9,0.42
충북_청주흥덕_복대,127.4546035,36.63088,3550.0,27.9,0.42
충북_청주흥덕_복대,127.454584,36.630943,3550.0,27.9,0.42
충북_청주청원_사창,127.4561885,36.630013,3550.0,45.1,0.32
충북_청주흥덕_복대,127.4553855,36.630477,3550.0,27.9,0.42
충북_청주흥덕_복대,127.454292,36.630332,3550.0,27.9,0.42
충북_청주흥덕_복대,127.4547255,36.631018,3550.0,27.9,0.42
충북_청주흥덕_복대,127.453815,36.63132,3550.0,27.9,0.42
충북_청주흥덕_복대,127.454158,36.630097,3550.0,27.9,0.42
충북_청주흥덕_복대,127.4551175,36.630633,3550.0,27.9,0.42
충북_청주흥덕_복대,127.4549385,36.630737,3550.0,27.9,0.42
충북_청주흥덕_복대,127.455028,36.630685,3550.0,27.9,0.42
충북_청주흥덕_복대,127.45476,36.630841,3550.0,27.9,0.42
충북_청주흥덕_복대,127.4543365,36.63041,3550.0,27.9,0.42
충북_청주흥덕_복대,127.4539935,36.6312815,3550.0,27.9,0.42
충북_청주청원_사창,127.4551165,36.6306335,3550.0,45.1,0.32
충북_청주청원_사창,127.4552055,36.630582,3550.0,45.1,0.32
충북_청주흥덕_복대,127.455207,36.630581,3550.0,27.9,0.42
충북_청주청원_사창,127.4552945,36.63053,3550.0,45.1,0.32
충북_청주청원_사창,127.455384,36.630478,3550.0,45.1,0.32
충북_청주청원_사창,127.4554735,36.630426,3550.0,45.1,0.32
충북_청주청원_사창,127.4555625,36.630374,3550.0,45.1,0.32
충북_청주청원_사창,127.4556515,36.630322,3550.0,45.1,0.32
충북_청주청원_사창,127.4557405,36.63027,3550.0,45.1,0.32
충북_청주청원_사창,127.45583,36.6302185,3550.0,45.1,0.32
충북_청주청원_사창,127.4559195,36.630167,3550.0,45.1,0.32
충북_청주청원_사창,127.456009,36.6301155,3550.0,45.1,0.32
충북_청주청원_사창,127.454938,36.630737,3550.0,45.1,0.32
충북_청주청원_사창,127.4550275,36.630685,3550.0,45.1,0.32
충북_청주청원_사창,127.456099,36.6300645,3550.0,45.1,0.32
충북_청주청원_사창,127.4548485,36.630789,3550.0,45.1,0.32
충북_청주청원_사창,127.4547595,36.630841,3550.0,45.1,0.32
충북_청주청원_사창,127.456278,36.6299615,3550.0,45.1,0.32
충북_청주흥덕_복대,127.454013,36.6312915,3550.0,27.9,0.42
충북_청주흥덕_복대,127.454024,36.629863,3550.0,27.8,0.421
충북_청주흥덕_복대,127.4542475,36.630254,3550.0,27.9,0.42
충북_청주청원_사창,127.453253,36.629844000000006,3550.0,27.4,0.423
충북_청주흥덕_복대,127.4546635,36.6292955,3550.0,27.8,0.421
충북_청주청원_사창,127.4539275,36.629703,3550.0,27.5,0.423
충북_청주청원_사창,127.453878,36.6296225,3550.0,27.5,0.423
충북_청주청원_사창,127.4531715,36.6298995,3550.0,27.4,0.423
충북_청주청원_사창,127.4533335,36.629788000000005,3550.0,27.4,0.423
충북_청주청원_사창,127.453977,36.6297835,3550.0,27.5,0.423
충북_청주청원_사창,127.453677,36.6295825,3550.0,27.5,0.423
충북_청주청원_사창,127.453591,36.6296335,3550.0,27.5,0.423
충북_청주청원_사창,127.453743,36.6293765,3550.0,27.5,0.423
충북_청주청원_사창,127.453784,36.62946,3550.0,27.5,0.423
충북_청주청원_사창,127.453505,36.629685,3550.0,27.5,0.423
충북_청주흥덕_복대,127.456192,36.630011,3550.0,27.8,0.421
충북_청주흥덕_복대,127.454582,36.629354500000005,3550.0,27.8,0.421
충북_청주흥덕_복대,127.455922,36.6301655,3550.0,27.8,0.421
충북_청주청원_사창,127.453698,36.629294,3550.0,27.5,0.423
충북_청주청원_사창,127.453762,36.6295295,3550.0,27.5,0.423
충북_청주흥덕_복대,127.455743,36.630269,3550.0,27.8,0.421
충북_청주흥덕_복대,127.454421,36.629474,3550.0,27.8,0.421
충북_청주흥덕_복대,127.4542025,36.6301755,3550.0,27.9,0.42
충북_청주흥덕_복대,127.45404,36.629792,3550.0,27.8,0.421
충북_청주흥덕_복대,127.456102,36.6300625,3550.0,27.8,0.421
충북_청주흥덕_복대,127.454745,36.629236500000005,3550.0,27.8,0.421
충북_청주흥덕_복대,127.4549085,36.6291185,3550.0,27.8,0.421
충북_청주흥덕_복대,127.4545005,36.6294135,3550.0,27.8,0.421
충북_청주흥덕_복대,127.45499,36.629059,3550.0,27.8,0.421
충북_청주청원_사창,127.4538285,36.629542,3550.0,27.5,0.423
충북_청주흥덕_복대,127.454344,36.629537,3550.0,27.8,0.421
충북_청주흥덕_복대,127.454268,36.6296005,3550.0,27.8,0.421
충북_청주흥덕_복대,127.454192,36.629664000000005,3550.0,27.8,0.421
충북_청주흥덕_복대,127.454116,36.629728,3550.0,27.8,0.421
충북_청주흥덕_복대,127.454827,36.6291775,3550.0,27.8,0.421
충북_청주청원_사창,127.453419,36.6297365,3550.0,27.4,0.423
충북_청주흥덕_복대,127.4558325,36.630217,3550.0,27.8,0.421
충북_청주흥덕_복대,127.4540685,36.629941,3550.0,27.8,0.421
충북_청주흥덕_복대,127.4556535,36.630321,3550.0,27.8,0.421
충북_청주흥덕_복대,127.4549385,36.631403,3550.0,27.9,0.42
충북_청주흥덕_복대,127.454825,36.6311655,3550.0,27.9,0.42
충북_청주흥덕_복대,127.4541135,36.630019,3550.0,27.8,0.421
충북_청주흥덕_복대,127.4544705,36.630645,3550.0,27.9,0.42
충북_청주흥덕_복대,127.454974,36.631483,3550.0,27.9,0.42
충북_청주흥덕_복대,127.4555645,36.630373,3550.0,27.9,0.42
충북_청주흥덕_복대,127.454426,36.6305665,3550.0,27.9,0.42
충북_청주흥덕_복대,127.4548495,36.630789,3550.0,27.9,0.42
충북_청주흥덕_복대,127.454903,36.631323,3550.0,27.9,0.42
충북_청주흥덕_복대,127.4552965,36.630529,3550.0,27.9,0.42
충북_청주흥덕_복대,127.4545005,36.6309915,3550.0,27.9,0.42
충북_청주흥덕_복대,127.4542495,36.6311385,3550.0,27.9,0.42
충북_청주흥덕_복대,127.454333,36.6310895,3550.0,27.9,0.42
충북_청주흥덕_복대,127.454417,36.6310405,3550.0,27.9,0.42
충북_청주흥덕_복대,127.454659,36.630952,3550.0,27.9,0.42
충북_청주흥덕_복대,127.454865,36.631244,3550.0,27.9,0.42
충북_청주흥덕_복대,127.453994,36.631269,3550.0,27.9,0.42
충북_청주흥덕_복대,127.4540825,36.6312355,3550.0,27.9,0.42
충북_청주흥덕_복대,127.453919,36.631348,3550.0,27.9,0.42
충북_청주흥덕_복대,127.456012,36.630114,3550.0,27.8,0.421
충북_청주흥덕_복대,127.455475,36.630425,3550.0,27.9,0.42
충북_청주흥덕_복대,127.454559,36.6308015,3550.0,27.9,0.42
충북_청주흥덕_복대,127.4543815,36.630488,3550.0,27.9,0.42
충북_청주흥덕_복대,127.454782,36.6310885,3550.0,27.9,0.42
충북_청주흥덕_복대,127.4538175,36.6314585,3550.0,27.9,0.42
충북_청주흥덕_복대,127.4539015,36.6312885,3550.0,27.9,0.42
충북_청주흥덕_복대,127.453835,36.631404,3550.0,27.9,0.42
충북_청주흥덕_복대,127.453955,36.631352500000006,3550.0,27.9,0.42
충북_청주흥덕_복대,127.4538985,36.631324500000005,3550.0,27.9,0.42
충북_청주흥덕_복대,127.4538045,36.631369,3550.0,27.9,0.42
충북_청주흥덕_복대,127.4538905,36.631409000000005,3550.0,27.9,0.42
충북_청주흥덕_복대,127.454515,36.630723,3550.0,27.9,0.42
경남_진주_개양,128.1023145,35.154107499999995,3498.0,47.1,0.304
경남_진주_개양,128.102236,35.1548895,3498.0,45.6,0.313
경남_진주_개양,128.10213399999998,35.1549045,3498.0,45.6,0.313
경남_진주_개양,128.102032,35.154920000000004,3498.0,45.6,0.313
경남_진주_개양,128.10192949999998,35.1549355,3498.0,45.6,0.313
경남_진주_개양,128.101653,35.154878499999995,3498.0,45.6,0.313
경남_진주_개양,128.1017255,35.1549655,3498.0,45.6,0.313
경남_진주_개양,128.10166750000002,35.1549415,3498.0,45.6,0.313
경남_진주_개양,128.101827,35.1549505,3498.0,45.6,0.313
경남_진주_개양,128.1021605,35.153405,3498.0,47.1,0.304
경남_진주_개양,128.1022565,35.153844,3498.0,47.1,0.304
경남_진주_개양,128.1024815,35.154808,3498.0,47.2,0.303
경남_진주_개양,128.1022375,35.153756,3498.0,47.1,0.304
경남_진주_개양,128.10141850000002,35.155011,3498.0,29.5,0.405
경남_진주_개양,128.101521,35.1549955,3498.0,29.5,0.405
경남_진주_개양,128.10162350000002,35.1549805,3498.0,29.5,0.405
경남_진주_개양,128.1023985,35.154458000000005,3498.0,47.2,0.303
경남_진주_개양,128.1024195,35.1545455,3498.0,47.2,0.303
경남_진주_개양,128.10235649999998,35.154283,3498.0,47.2,0.303
경남_진주_개양,128.102461,35.1547205,3498.0,47.2,0.303
경남_진주_개양,128.1023775,35.1543705,3498.0,47.2,0.303
경남_진주_개양,128.1024405,35.154633000000004,3498.0,47.2,0.303
경남_진주_개양,128.10219949999998,35.153581,3498.0,47.1,0.304
경남_진주_개양,128.10218,35.153493,3498.0,47.1,0.304
경남_진주_개양,128.102294,35.15402,3498.0,47.1,0.304
경남_진주_개양,128.1022185,35.153668499999995,3498.0,47.1,0.304
경남_진주_개양,128.102275,35.153932,3498.0,47.1,0.304
경남_진주_개양,128.101316,35.155026500000005,3498.0,29.5,0.405
경남_진주_개양,128.1023355,35.154195,3498.0,47.1,0.304
서울_서울서대문_연희,126.942524,37.566558,3464.0,43.3,0.323
서울_서울서대문_충정로,126.9420375,37.565207,3464.0,41.6,0.332
서울_서울서대문_충정로,126.9420595,37.5652925,3464.0,41.6,0.332
서울_서울서대문_충정로,126.9422645,37.56579,3464.0,41.6,0.332
서울_서울서대문_연희,126.9424195,37.566521,3464.0,43.3,0.323
서울_서울서대문_충정로,126.94202,37.565120500000006,3464.0,41.6,0.332
서울_서울서대문_충정로,126.9422955,37.5658735,3464.0,41.6,0.332
서울_서울서대문_연희,126.9426235,37.5666005,3464.0,43.3,0.323
서울_서울서대문_충정로,126.942088,37.5653765,3464.0,41.6,0.332
서울_서울서대문_충정로,126.94233,37.566472000000005,3464.0,41.6,0.332
서울_서울서대문_충정로,126.942312,37.56613350000001,3464.0,41.6,0.332
서울_서울서대문_충정로,126.9421225,37.5654595,3464.0,41.6,0.332
서울_서울서대문_충정로,126.9423065,37.5662205,3464.0,41.6,0.332
서울_서울서대문_충정로,126.942157,37.5655425,3464.0,41.6,0.332
서울_서울서대문_충정로,126.9421915,37.5656255,3464.0,41.6,0.332
서울_서울서대문_충정로,126.9422275,37.565708,3464.0,41.6,0.332
서울_서울서대문_충정로,126.942313,37.565959500000005,3464.0,41.6,0.332
서울_서울서대문_충정로,126.9423165,37.5660465,3464.0,41.6,0.332
서울_서울서대문_연희,126.942825,37.5666775,3464.0,43.2,0.323
서울_서울서대문_충정로,126.942302,37.566308,3464.0,41.6,0.332
서울_서울서대문_충정로,126.94201,37.5650335,3464.0,41.6,0.332
서울_서울서대문_연희,126.942722,37.566644,3464.0,43.2,0.323
서울_서울종로_교남,126.942328,37.5665295,3464.0,47.8,0.297
서울_서울서대문_연희,126.943042,37.5666565,3464.0,43.2,0.323
서울_서울종로_교남,126.941969,37.566743,3464.0,47.8,0.297
서울_서울서대문_충정로,126.9422975,37.5663955,3464.0,41.6,0.332
서울_서울종로_교남,126.943048,37.5666545,3464.0,47.8,0.297
서울_서울종로_교남,126.943153,37.566621,3464.0,47.8,0.297
서울_서울종로_교남,126.9432565,37.566585,3464.0,47.8,0.297
서울_서울종로_교남,126.94336,37.5665505,3464.0,47.8,0.297
서울_서울종로_교남,126.942832,37.5666785,3464.0,47.8,0.297
서울_서울종로_교남,126.9429405,37.5666795,3464.0,47.8,0.297
서울_서울종로_교남,126.9417885,37.5668505,3464.0,47.8,0.297
서울_서울종로_교남,126.941879,37.566797,3464.0,47.8,0.297
서울_서울종로_교남,126.942058,37.566688,3464.0,47.8,0.297
서울_서울서대문_연희,126.943147,37.566623500000006,3464.0,43.2,0.323
서울_서울종로_교남,126.9421465,37.5666325,3464.0,47.8,0.297
서울_서울종로_교남,126.942236,37.566578,3464.0,47.8,0.297
서울_서울종로_교남,126.942428,37.5665235,3464.0,47.8,0.297
서울_서울종로_교남,126.9425305,37.56656,3464.0,47.8,0.297
서울_서울종로_교남,126.9427285,37.5666465,3464.0,47.8,0.297
서울_서울종로_교남,126.9426295,37.566603,3464.0,47.8,0.297
서울_서울서대문_연희,126.9433545,37.566552,3464.0,43.2,0.323
서울_서울서대문_연희,126.9432505,37.566587,3464.0,43.2,0.323
서울_서울서대문_연희,126.942934,37.56668,3464.0,43.2,0.323
서울_서울서대문_충정로,126.9420045,37.564946500000005,3464.0,41.6,0.332
서울_서울서대문_연희,126.9421405,37.566637,3464.0,28.9,0.405
서울_서울서대문_연희,126.941962,37.566747,3464.0,28.9,0.405
서울_서울서대문_연희,126.9424965,37.566422,3464.0,39.6,0.344
서울_서울마포_연남,126.94203,37.5667055,3464.0,28.8,0.405
서울_서울마포_연남,126.943001,37.5666685,3464.0,28.8,0.405
서울_서울마포_연남,126.943105,37.5666375,3464.0,28.8,0.405
서울_서울서대문_연희,126.9420515,37.5666925,3464.0,28.9,0.405
서울_서울서대문_연희,126.9425775,37.5663605,3464.0,39.6,0.344
서울_서울서대문_연희,126.941872,37.566801,3464.0,28.9,0.405
서울_서울서대문_연희,126.9422295,37.5665815,3464.0,28.9,0.405
서울_서울서대문_연희,126.9417815,37.566854500000005,3464.0,28.9,0.405
서울_서울마포_연남,126.9422945,37.566544,3464.0,28.8,0.405
서울_서울마포_연남,126.942205,37.5665965,3464.0,28.8,0.405
서울_서울마포_연남,126.9421175,37.566651,3464.0,28.8,0.405
서울_서울마포_연남,126.9418525,37.5668125,3464.0,28.8,0.405
서울_서울서대문_연희,126.94241,37.5664785,3464.0,39.6,0.344
서울_서울마포_연남,126.9419415,37.5667595,3464.0,28.8,0.405
서울_서울서대문_연희,126.942927,37.5656155,3464.0,39.6,0.344
서울_서울서대문_연희,126.9423195,37.5665295,3464.0,28.9,0.405
서울_서울마포_연남,126.941763,37.566865,3464.0,28.8,0.405
서울_서울마포_연남,126.942391,37.566522500000005,3464.0,28.8,0.405
서울_서울서대문_연희,126.942756,37.56604,3464.0,39.6,0.344
서울_서울마포_연남,126.943412,37.566533500000006,3464.0,28.7,0.406
서울_서울마포_연남,126.943309,37.566567000000006,3464.0,28.7,0.406
서울_서울마포_연남,126.943207,37.5666025,3464.0,28.7,0.406
서울_서울서대문_연희,126.942842,37.565781,3464.0,39.6,0.344
서울_서울서대문_연희,126.942809,37.5658665,3464.0,39.6,0.344
서울_서울서대문_연희,126.9427825,37.565953500000006,3464.0,39.6,0.344
서울_서울서대문_연희,126.94273,37.5661265,3464.0,39.6,0.344
서울_서울마포_연남,126.942492,37.5665455,3464.0,28.8,0.405
서울_서울서대문_연희,126.9426965,37.5662115,3464.0,39.6,0.344
서울_서울마포_연남,126.942591,37.566586,3464.0,28.8,0.405
서울_서울마포_연남,126.942688,37.566629,3464.0,28.8,0.405
서울_서울마포_연남,126.9427875,37.566667,3464.0,28.8,0.405
서울_서울서대문_연희,126.9426465,37.56629100000001,3464.0,39.6,0.344
서울_서울마포_연남,126.9428935,37.5666825,3464.0,28.8,0.405
서울_서울서대문_연희,126.9428835,37.565698,3464.0,39.6,0.344
광주_광주북부_용봉,126.909415,35.175179,3228.0,28.2,0.381
광주_광주북부_용봉,126.909314,35.175148,3228.0,28.3,0.38
광주_광주북부_용봉,126.910323,35.175469,3228.0,28.2,0.381
광주_광주북부_용봉,126.9102225,35.175436000000005,3228.0,28.2,0.381
광주_광주북부_용봉,126.9101215,35.175404,3228.0,28.2,0.381
광주_광주북부_용봉,126.9100205,35.175372,3228.0,28.2,0.381
광주_광주북부_용봉,126.9099195,35.175340000000006,3228.0,28.2,0.381
광주_광주북부_용봉,126.9098185,35.175308,3228.0,28.2,0.381
광주_광주북부_용봉,126.9097175,35.175276,3228.0,28.2,0.381
광주_광주북부_용봉,126.9096165,35.1752435,3228.0,28.2,0.381
광주_광주북부_용봉,126.9095155,35.175211000000004,3228.0,28.2,0.381
인천_인천연수_송도국제도시,126.63249,37.372852,3080.0,44.1,0.283
인천_인천연수_송도국제도시,126.631503,37.373446,3080.0,44.0,0.283
인천_인천연수_송도국제도시,126.631951,37.373175,3080.0,44.1,0.283
인천_인천연수_송도국제도시,126.6320405,37.373121,3080.0,44.1,0.283
인천_인천연수_송도국제도시,126.631682,37.373338,3080.0,44.1,0.283
인천_인천연수_송도국제도시,126.6317715,37.3732835,3080.0,44.1,0.283
인천_인천연수_송도국제도시,126.631861,37.373229,3080.0,44.1,0.283
인천_인천연수_송도국제도시,126.6315925,37.373392,3080.0,44.1,0.283
인천_인천연수_송도국제도시,126.6324,37.3729055,3080.0,44.1,0.283
인천_인천연수_송도국제도시,126.63231,37.372959,3080.0,44.1,0.283
인천_인천연수_송도국제도시,126.63222,37.373013,3080.0,44.1,0.283
인천_인천연수_송도국제도시,126.63213,37.373067000000006,3080.0,44.1,0.283
경북_포항북부_양덕,129.3888455,36.104565,2962.0,28.4,0.348
경북_포항북부_양덕,129.387666,36.1045805,2962.0,28.4,0.348
경북_포항북부_양덕,129.3885635,36.104698,2962.0,28.4,0.348
경북_포항북부_양덕,129.3886565,36.1046745,2962.0,28.4,0.348
경북_포항북부_양덕,129.3888275,36.104621,2962.0,28.4,0.348
경북_포항북부_양덕,129.38874950000002,36.104651,2962.0,28.4,0.348
경북_포항북부_양덕,129.38874850000002,36.1044615,2962.0,28.4,0.348
경북_포항북부_양덕,129.388641,36.1044785,2962.0,28.4,0.348
경북_포항북부_양덕,129.38842549999998,36.1045125,2962.0,28.4,0.348
경북_포항북부_양덕,129.388318,36.104529,2962.0,28.4,0.348
경북_포항북부_양덕,129.387993,36.104566000000005,2962.0,28.4,0.348
경북_포항북부_양덕,129.3907655,36.103933,2962.0,41.5,0.285
경북_포항북부_양덕,129.3881025,36.104558,2962.0,28.4,0.348
경북_포항북부_양덕,129.388533,36.1044955,2962.0,28.4,0.348
경북_포항북부_양덕,129.3877745,36.1045805,2962.0,28.4,0.348
경북_포항북부_양덕,129.3878835,36.1045735,2962.0,28.4,0.348
경북_포항북부_양덕,129.38881700000002,36.10449,2962.0,28.4,0.348
경북_포항북부_양덕,129.3882105,36.1045455,2962.0,28.4,0.348
경북_포항북부_양덕,129.387558,36.104569,2962.0,28.4,0.348
강원_원주_흥업,127.901856,37.28072349999999,2875.0,27.3,0.343
강원_원주_흥업,127.901885,37.2806465,2875.0,27.3,0.343
강원_원주_흥업,127.9019285,37.2806525,2875.0,27.3,0.343
강원_원주_흥업,127.900318,37.2799455,2875.0,27.2,0.344
강원_원주_흥업,127.900761,37.2799835,2875.0,27.2,0.344
강원_원주_흥업,127.900676,37.280241,2875.0,27.2,0.344
강원_원주_흥업,127.900519,37.2804555,2875.0,27.2,0.344
강원_원주_흥업,127.900822,37.2802605,2875.0,27.2,0.344
강원_원주_흥업,127.8994675,37.280112,2875.0,27.1,0.344
강원_원주_흥업,127.899562,37.280065,2875.0,27.2,0.344
강원_원주_흥업,127.8996615,37.280025,2875.0,27.2,0.344
강원_원주_흥업,127.899766,37.279994,2875.0,27.2,0.344
강원_원주_흥업,127.8998735,37.2799715,2875.0,27.2,0.344
강원_원주_흥업,127.8999835,37.279956,2875.0,27.2,0.344
강원_원주_흥업,127.9000945,37.279947,2875.0,27.2,0.344
강원_원주_흥업,127.900206,37.279944,2875.0,27.2,0.344
강원_원주_흥업,127.900742,37.280223500000005,2875.0,27.2,0.344
강원_원주_흥업,127.9004295,37.27995,2875.0,27.2,0.344
강원_원주_흥업,127.9005405,37.2799565,2875.0,27.2,0.344
강원_원주_흥업,127.9006515,37.279966,2875.0,27.2,0.344
강원_원주_흥업,127.9006235,37.2803125,2875.0,27.2,0.344
강원_원주_흥업,127.900571,37.280384,2875.0,27.2,0.344
경기남부_수원팔달_인계,127.047283,37.281162,2852.0,27.9,0.338
경기남부_수원팔달_인계,127.048176,37.2811835,2852.0,27.8,0.338
경기남부_수원팔달_인계,127.0477295,37.281173,2852.0,27.9,0.338
경기남부_수원팔달_인계,127.0473945,37.2811645,2852.0,27.9,0.338
경기남부_수원팔달_인계,127.0480645,37.281181,2852.0,27.8,0.338
경기남부_수원팔달_인계,127.047953,37.2811785,2852.0,27.8,0.338
경기남부_수원팔달_인계,127.047506,37.2811675,2852.0,27.9,0.338
경기남부_수원팔달_인계,127.047618,37.2811705,2852.0,27.9,0.338
경기남부_수원팔달_인계,127.047841,37.2811755,2852.0,27.8,0.338
경기남부_수원팔달_인계,127.0471715,37.2811595,2852.0,27.9,0.338
경기남부_수원팔달_인계,127.04706,37.2811565,2852.0,27.9,0.338
전북_익산_신동,126.9558745,35.9664565,2756.0,29.3,0.32
전북_익산_신동,126.9586515,35.9660715,2756.0,29.5,0.319
전북_익산_신동,126.955909,35.966399,2756.0,29.3,0.32
부산_부산남부_용호,129.1070545,35.133338,2688.0,28.9,0.314
부산_부산남부_용호,129.10697349999998,35.13405,2688.0,28.9,0.314
부산_부산남부_용호,129.106985,35.133962,2688.0,28.9,0.314
부산_부산남부_용호,129.107008,35.133785,2688.0,28.9,0.314
부산_부산남부_용호,129.1070455,35.1334275,2688.0,28.9,0.314
부산_부산수영_광남,129.1080455,35.134974,2688.0,28.7,0.315
부산_부산남부_용호,129.107036,35.133517,2688.0,28.9,0.314
부산_부산남부_용호,129.10702650000002,35.1336065,2688.0,28.9,0.314
부산_부산남부_용호,129.10699699999998,35.133874000000006,2688.0,28.9,0.314
부산_부산수영_광남,129.1086585,35.13502,2688.0,28.7,0.315
부산_부산남부_용호,129.10706349999998,35.1332485,2688.0,28.9,0.314
부산_부산남부_용호,129.106962,35.134138,2688.0,28.9,0.314
부산_부산수영_광남,129.1084555,35.135005,2688.0,28.7,0.315
부산_부산수영_광남,129.10855700000002,35.1350125,2688.0,28.7,0.315
부산_부산수영_광남,129.10773749999998,35.134951,2688.0,28.7,0.315
부산_부산수영_광남,129.1078405,35.1349585,2688.0,28.7,0.315
부산_부산수영_광남,129.10794299999998,35.134966000000006,2688.0,28.7,0.315
부산_부산남부_용호,129.10701749999998,35.1336955,2688.0,28.9,0.314
부산_부산수영_광남,129.1081485,35.134981999999994,2688.0,28.7,0.315
부산_부산수영_광남,129.1082515,35.1349895,2688.0,28.7,0.315
부산_부산수영_광남,129.10835400000002,35.134997,2688.0,28.7,0.315
경기남부_시흥_시화,126.7328895,37.33947,2620.0,28.3,0.309
경기남부_시흥_옥구,126.733187,37.339728,2620.0,28.1,0.309
경기남부_시흥_시화,126.732924,37.3394465,2620.0,28.3,0.309
경기남부_시흥_시화,126.732929,37.339537,2620.0,28.3,0.309
경기남부_시흥_옥구,126.7331965,37.3396735,2620.0,28.1,0.309
경기남부_시흥_시화,126.733066,37.3395505,2620.0,28.3,0.309
경기남부_시흥_시화,126.7331315,37.339612,2620.0,28.3,0.309
경기남부_시흥_시화,126.73311,37.339724,2620.0,28.3,0.309
경기남부_시흥_시화,126.73305,37.3396615,2620.0,28.3,0.309
경기남부_시흥_시화,126.7329895,37.339599,2620.0,28.3,0.309
경기남부_시흥_시화,126.733105,37.339778,2620.0,28.3,0.309
경기남부_시흥_시화,126.733025,37.3398295,2620.0,28.3,0.309
경기남부_시흥_시화,126.732945,37.339881,2620.0,28.3,0.309
경기남부_시흥_시화,126.732865,37.339933,2620.0,28.3,0.309
경기남부_시흥_옥구,126.7328155,37.3393705,2620.0,28.1,0.309
경기남부_시흥_시화,126.7328585,37.33941299999999,2620.0,28.3,0.309
경기남부_시흥_시화,126.7325425,37.3401375,2620.0,28.3,0.309
경기남부_시흥_옥구,126.7326235,37.340087,2620.0,28.1,0.309
경기남부_시흥_옥구,126.7327045,37.3400365,2620.0,28.1,0.309
경기남부_시흥_옥구,126.732785,37.339985,2620.0,28.1,0.309
경기남부_시흥_시화,126.7330005,37.3394895,2620.0,28.3,0.309
경기남부_시흥_시화,126.7332675,37.339677,2620.0,28.3,0.309
경기남부_시흥_옥구,126.733346,37.3396245,2620.0,28.1,0.309
경기남부_수원팔달_화서문,126.97376,37.2926025,2545.0,27.5,0.303
경기남부_수원팔달_화서문,126.97343,37.2926415,2545.0,27.5,0.303
경기남부_수원팔달_화서문,126.973186,37.2937385,2545.0,27.6,0.303
경기남부_수원팔달_화서문,126.97365,37.2926155,2545.0,27.5,0.303
경기남부_수원팔달_화서문,126.973168,37.293651,2545.0,27.6,0.303
경기남부_수원팔달_화서문,126.973132,37.2934755,2545.0,27.6,0.303
경기남부_수원팔달_화서문,126.973366,37.294614,2545.0,27.6,0.303
경기남부_수원팔달_화서문,126.97333,37.2944385,2545.0,27.6,0.303
경기남부_수원팔달_화서문,126.973114,37.293388,2545.0,27.6,0.303
경기남부_수원팔달_화서문,126.97332,37.2926545,2545.0,27.5,0.303
경기남부_수원팔달_화서문,126.97354,37.2926285,2545.0,27.5,0.303
경기남부_수원팔달_화서문,126.973096,37.2933005,2545.0,27.6,0.303
경기남부_수원팔달_화서문,126.973078,37.293213,2545.0,27.6,0.303
경기남부_수원팔달_화서문,126.9730425,37.293038,2545.0,27.5,0.303
경기남부_수원팔달_화서문,126.973258,37.2940885,2545.0,27.6,0.303
경기남부_수원팔달_화서문,126.97324,37.294001,2545.0,27.6,0.303
경기남부_수원팔달_화서문,126.973276,37.294176,2545.0,27.6,0.303
경기남부_수원팔달_화서문,126.97306,37.2931255,2545.0,27.6,0.303
경기남부_수원팔달_화서문,126.973294,37.2942635,2545.0,27.6,0.303
경기남부_수원팔달_화서문,126.973312,37.294351000000006,2545.0,27.6,0.303
경기남부_수원팔달_화서문,126.973348,37.294526000000005,2545.0,27.6,0.303
경기남부_수원팔달_화서문,126.973222,37.2939135,2545.0,27.6,0.303
경기남부_수원팔달_화서문,126.97315,37.293563000000006,2545.0,27.6,0.303
경기남부_수원팔달_화서문,126.973204,37.293826,2545.0,27.6,0.303
서울_서울광진_자양,127.0738745,37.541218,2513.0,29.4,0.291
서울_서울광진_화양,127.0740495,37.5412745,2513.0,29.4,0.291
서울_서울광진_화양,127.073967,37.5412395,2513.0,29.4,0.291
서울_서울광진_화양,127.0738765,37.541221500000006,2513.0,29.4,0.291
서울_서울광진_구의,127.073937,37.541411,2513.0,28.9,0.293
서울_서울광진_구의,127.073848,37.54125,2513.0,28.9,0.293
서울_서울광진_구의,127.073981,37.5414915,2513.0,28.9,0.293
서울_서울광진_구의,127.073893,37.5413305,2513.0,28.9,0.293
경기북부_파주_월롱,126.7640375,37.8077755,2443.0,25.7,0.298
경기북부_파주_월롱,126.7643995,37.807558,2443.0,25.7,0.298
경기북부_파주_월롱,126.764761,37.8073405,2443.0,25.7,0.298
경기북부_파주_월롱,126.7646705,37.807395,2443.0,25.7,0.298
경기북부_파주_월롱,126.763679,37.807997,2443.0,25.8,0.298
경기북부_파주_월롱,126.76458,37.8074495,2443.0,25.7,0.298
경기북부_파주_월롱,126.76449,37.807504,2443.0,25.7,0.298
경기북부_파주_월롱,126.7635025,37.80811,2443.0,25.8,0.298
경기북부_파주_월롱,126.763591,37.8080535,2443.0,25.8,0.298
경기북부_파주_월롱,126.764309,37.807612500000005,2443.0,25.7,0.298
경기북부_파주_월롱,126.7642185,37.807667,2443.0,25.7,0.298
경기북부_파주_월롱,126.764128,37.807721,2443.0,25.7,0.298
경기북부_파주_월롱,126.763947,37.80783,2443.0,25.7,0.298
경기북부_파주_월롱,126.7637675,37.8079405,2443.0,25.8,0.298
경기북부_파주_월롱,126.763857,37.8078845,2443.0,25.8,0.298
